"path","sha256","bytes"
"C:\Users\manoj\Downloads\BioNeetPro (1)\css\styles.css","156228973D023808609C12BD6460C54F422ECF075438D396DA7E949FA95A7A5A","62648"
"C:\Users\manoj\Downloads\BioNeetPro (1)\data\dialogue_states\conn2.json","0A0144F38210AA8B5CFB8D3CA779AFAB21A647E20D7D64E5A106595E1E03C9C8","524"
"C:\Users\manoj\Downloads\BioNeetPro (1)\data\dialogue_states\rag1.json","1D504018415ADCD02F4D976CDE365AD3464A7345BDDC9386FD9BECE32A6248C6","413"
"C:\Users\manoj\Downloads\BioNeetPro (1)\data\dialogue_states\student_local.json","766E37D20475D6A3B22ABA83F2AFD35A4A59A34147550B6881F0FF6F9A238F6E","408"
"C:\Users\manoj\Downloads\BioNeetPro (1)\data\kaggle_imports\sample_kaggle_neet_biology.csv","EB4047842CB9FB2AD944D32156FDD230D1287DD9EFEF4D4D0F1676C4F911B50A","3712"
"C:\Users\manoj\Downloads\BioNeetPro (1)\data\student_profiles\accept_test.json","16A27A9F7EB95CEF1423EF49B6E4D62B0530A3B54953A3B52BEAEAE5B90E69B5","940"
"C:\Users\manoj\Downloads\BioNeetPro (1)\data\student_profiles\conn2.json","F6A3B302150CFC2835D97D9FB37CDBDCF5B9CEC10B3E6927B366BACE2BA83D58","934"
"C:\Users\manoj\Downloads\BioNeetPro (1)\data\student_profiles\conn_test.json","BD06AFCE70B18FE9696D5978BA8CF4AFB44E82D0FDC9EEE676D2156D83361F18","938"
"C:\Users\manoj\Downloads\BioNeetPro (1)\data\student_profiles\dbg.json","C280E1E82747E7E7CF0C5CECF5EEC8FDE20A0FC61C107BD7C9D198D90D04080C","932"
"C:\Users\manoj\Downloads\BioNeetPro (1)\data\student_profiles\demo_student_turn_test.json","6AEE20915B177FAD1E7A97F74B06C12DBCC5B4B46BE68F2295B076164AC52FE3","951"
"C:\Users\manoj\Downloads\BioNeetPro (1)\data\student_profiles\eval2.json","FFD4462BA02E16A67941C0790EE3738751F0C301EA0CFB4D81C140AB961C8069","934"
"C:\Users\manoj\Downloads\BioNeetPro (1)\data\student_profiles\eval_chain_student.json","03CC7C841DD313D1272008A244741E25B39E19C6B53FE503809EA7B27D294413","947"
"C:\Users\manoj\Downloads\BioNeetPro (1)\data\student_profiles\eval_student.json","D1C094D9F1DA2C97F4333277F96E51D785CC5E0081206CF4508952730057A158","917"
"C:\Users\manoj\Downloads\BioNeetPro (1)\data\student_profiles\multi_turn_accept_user.json","975FC036B9649643EB08A090740D1879A3723795C0C09D7D96476F7B0FA8B7F8","951"
"C:\Users\manoj\Downloads\BioNeetPro (1)\data\student_profiles\rag1.json","C1D621D6274347535107E484482A6B455333D12CF08BB9E5F30F31890357971F","933"
"C:\Users\manoj\Downloads\BioNeetPro (1)\data\student_profiles\spot1.json","0E280F7A99FF2AAB19AA83E0938F31D313BFE274EDF421C68D6C7A89E789B47D","934"
"C:\Users\manoj\Downloads\BioNeetPro (1)\data\student_profiles\student_demo.json","3DB8E8CE0B808ABED4CD516716EC1B51ACAEBE5AB7FA55D00310D7D8E5034CDD","1322"
"C:\Users\manoj\Downloads\BioNeetPro (1)\data\student_profiles\student_local.json","018B0087EC3F5BF1E57CBAC3DD8693F18BA0C95AEA6F863C81ACE74AE6564D0A","3799"
"C:\Users\manoj\Downloads\BioNeetPro (1)\data\student_profiles\t15_student.json","40AE10669765726AB7D7C537D39D9DF607A5AFB1445DE6E732BD1441CB5821BB","940"
"C:\Users\manoj\Downloads\BioNeetPro (1)\data\student_profiles\test1.json","1EA12A66E761984A5FFC1377A6700F424D0BAB53BD06BAD146C80CE2C0D245AF","934"
"C:\Users\manoj\Downloads\BioNeetPro (1)\data\student_profiles\test_diag.json","ADBFF91C7E617ED64E1E4F0D78FB3BE354EFB1A2B45062B0B8B17976D633BC6E","938"
"C:\Users\manoj\Downloads\BioNeetPro (1)\data\student_profiles\test_mcq.json","3317710FFBE46555A7EBBE40CBB82871BD2B29511837FC54485738CF256EA257","937"
"C:\Users\manoj\Downloads\BioNeetPro (1)\data\student_profiles\test_mistake_0889a09b.json","1B9DD1E4F07E07AA99F7476D371309CAB9331EEBC74B973CFC7BA230AD044D08","1835"
"C:\Users\manoj\Downloads\BioNeetPro (1)\data\student_profiles\test_mistake_0eee5ca0.json","02E133E386F1F384462984468BF6BFE6CA5301BF4B59DE3694EF162AF2818063","1835"
"C:\Users\manoj\Downloads\BioNeetPro (1)\data\student_profiles\test_mistake_253ae59f.json","643CF7B796F4B207CABE4D1E9A8108865C502514FB17EE877F23EA3EDBC135B6","1835"
"C:\Users\manoj\Downloads\BioNeetPro (1)\data\student_profiles\test_mistake_2d54c53b.json","28B273F5C7C96A7DBFBDD7CC6D84CBA0545A5C64E2EB2BA72AD61E9F2DC46888","1835"
"C:\Users\manoj\Downloads\BioNeetPro (1)\data\student_profiles\test_mistake_44c49d47.json","384CC64042BEA8325565F2844966FA658F3E4DE3D5E9B684E6B208A912C02114","1807"
"C:\Users\manoj\Downloads\BioNeetPro (1)\data\student_profiles\test_mistake_51987f13.json","2984A7378288F9B1057CC37ECE01518E1AB8BEDCDDB2A7C81E2461AA614E4899","1835"
"C:\Users\manoj\Downloads\BioNeetPro (1)\data\student_profiles\test_mistake_5d9a463a.json","9EC87434B013E1C374E33601FAB68CF0CD7431C05EAC68437A99A3FAC397FAAD","1835"
"C:\Users\manoj\Downloads\BioNeetPro (1)\data\student_profiles\test_mistake_6fcc7776.json","3CF29F56C8FF516A0441A5DDBCA58347FC59B2CA6467483761E0EB08615D3778","1807"
"C:\Users\manoj\Downloads\BioNeetPro (1)\data\student_profiles\test_mistake_76ca104b.json","4D0A3D353FFDE60B553FDB328FD27A620DA2A45B4FE8BCF4A3E20460FB1FB5D4","1727"
"C:\Users\manoj\Downloads\BioNeetPro (1)\data\student_profiles\test_mistake_fbcc68ce.json","0F5960AD24B995E6603D04C72F5DC302C8D4884B78BF6A4F6C04AA89E55D08FA","1727"
"C:\Users\manoj\Downloads\BioNeetPro (1)\data\student_profiles\test_mistake_student.json","FC994FD8742659EA3DE5113BF1DCAEAAC71554AC39F2EEE60379365CEF6228C4","2110"
"C:\Users\manoj\Downloads\BioNeetPro (1)\data\student_profiles\test_student.json","157488964B7B741B77576C96CB224F752E27DAEF739546350DF6B3B1C8B7384A","1901"
"C:\Users\manoj\Downloads\BioNeetPro (1)\data\student_profiles\test_student_021ec351.json","E7A4486DEEBC8686C5889BC6B72BE69103EC5BF2A6038CF008166744F96F4D70","2191"
"C:\Users\manoj\Downloads\BioNeetPro (1)\data\student_profiles\test_student_0665a046.json","B8CD4405CB17793FA2B0792AE0128F54B064050D461362E7B58A17C15D97C2A5","2191"
"C:\Users\manoj\Downloads\BioNeetPro (1)\data\student_profiles\test_student_1.json","0BC6343C6F979D7D072ADDAF1AD1F7BA153BE9F3EC92A7BAD2910A62EF4956D3","919"
"C:\Users\manoj\Downloads\BioNeetPro (1)\data\student_profiles\test_student_1181d1ee.json","73F8BB1D19DC6A35DD9F7A3924DE75FC151BBE9B8C5925E3A63057178B53202A","2402"
"C:\Users\manoj\Downloads\BioNeetPro (1)\data\student_profiles\test_student_1bfac0da.json","5B9F7DE3B43A54513067238E472B479D56F07BA5F47028F14A6D59191880326E","2191"
"C:\Users\manoj\Downloads\BioNeetPro (1)\data\student_profiles\test_student_341ccd08.json","503365004D42E26184BD0CB2F63A65ECA6097E18865C6D465A7C87C500228C9B","3412"
"C:\Users\manoj\Downloads\BioNeetPro (1)\data\student_profiles\test_student_39c31926.json","6BC88EC937C11C4694795BE33E24E0E63E51304624FEEDC3A3AFD512E04930BC","2191"
"C:\Users\manoj\Downloads\BioNeetPro (1)\data\student_profiles\test_student_6b160d02.json","22E5A7DEC7DC72C8B1F0918B3D3C700C1A6753724FAF4ACFC0246260816F8548","2402"
"C:\Users\manoj\Downloads\BioNeetPro (1)\data\student_profiles\test_student_91b57eac.json","102EBBC07536B1BB5B6E82FB9DE8C3BC9FDE79B1E48577E594B85A5FCC50EE1C","2191"
"C:\Users\manoj\Downloads\BioNeetPro (1)\data\student_profiles\test_student_b6c05438.json","4EC156C6C760D666617564FFAD5F93D4466A5AEA41BF4F5B0CF5F528C1421E09","2191"
"C:\Users\manoj\Downloads\BioNeetPro (1)\data\student_profiles\test_student_bde38b11.json","CF868D450F8BE0BDDF2309BEEFBD54785184D59CF989213C7AE7BC853BE1A1C1","2402"
"C:\Users\manoj\Downloads\BioNeetPro (1)\data\student_profiles\test_student_edb72b78.json","BA0972C70E613B71AF34D95CD0E432EE8507232FF97ADFC4417FFE68D06DF2F4","3412"
"C:\Users\manoj\Downloads\BioNeetPro (1)\data\student_profiles\test_student_f1377517.json","570BBC43B20440ACE233DD869709ABDD3EB77DDE9E660C799530FAF14B54BC34","950"
"C:\Users\manoj\Downloads\BioNeetPro (1)\data\student_profiles\unit_test_student.json","69AC8B04BA6D71197D7BB994B2A5EFF06D452CCD5FAEDF4823EDAD53F3C5F6C0","922"
"C:\Users\manoj\Downloads\BioNeetPro (1)\data\concept_dependency_graph.csv","21E908A342015168D073E783A3059ADFFE778B34FEF7B14F7740354B6B90B0C7","14355"
"C:\Users\manoj\Downloads\BioNeetPro (1)\data\emergency_fallback_audit.log","6478D3C0F0874941B40910457349BD81B2416062087607E9B56D8D571F0F7E7A","43"
"C:\Users\manoj\Downloads\BioNeetPro (1)\data\indexed_mcqs_cache.json","B306528DEF37230A4580481AB0E48FFBB1D31CF68D686952AD0A713D287D3B41","99758"
"C:\Users\manoj\Downloads\BioNeetPro (1)\data\ncert_exercises_index.json","8EC6AFE758916CB9DDA02E579551A1152FCE8A4A07A6D648831B956218A9BF7C","34961"
"C:\Users\manoj\Downloads\BioNeetPro (1)\data\ncert_figures_index.json","0763232A4865381B4F3D160B6BE65FBE83A51CA50BF51A4C8ED4755CCDE5DD4C","88948"
"C:\Users\manoj\Downloads\BioNeetPro (1)\data\ncert_tables_index.json","6B09CEE0446EBB97FB919D9AA73BD54E74B96AD2E91ADA3E4BC6A251759465DA","52555"
"C:\Users\manoj\Downloads\BioNeetPro (1)\data\ncert_textbook_checksums.json","F8A921AF75BE6112AAF4D9DBF49DC69AA4EF7A6E5D500BC300B6D862EC4B228E","125"
"C:\Users\manoj\Downloads\BioNeetPro (1)\data\ncert_textbook_index.json","29E94D532C77D1A361A9BB5D8B5037450A2725948957B0A2B2037E8388D9180C","1475480"
"C:\Users\manoj\Downloads\BioNeetPro (1)\data\neet_knowledge_base.csv","0F5579150BAD6450C34CE3CE2E341E1C37B346C95972B746CB32CEF134A65B13","171993"
"C:\Users\manoj\Downloads\BioNeetPro (1)\data\student_learning_tracker.csv","40BBEE88AAC386148AC9A771D51027B52EB30E78CB77009DB268AF7154BEBA8F","38628"
"C:\Users\manoj\Downloads\BioNeetPro (1)\data\syllabus_registry.json","A6EB54D75C42BC787159110F952EC83A818EEC2B2B6C278652D8530C71F9ACBA","28741"
"C:\Users\manoj\Downloads\BioNeetPro (1)\data\tutor_query_log.jsonl","4C4A16941318548C8B6C97808B453EBE34FD537C82CB6E00BBB965B6D85DFE2A","2368"
"C:\Users\manoj\Downloads\BioNeetPro (1)\datasets\blooms_taxonomy_dataset.csv","399916F9715753AB7CCD011E1FB5F8F177DC153CC7F95704257D47A6847B50F0","824915"
"C:\Users\manoj\Downloads\BioNeetPro (1)\datasets\blooms_taxonomy_questions1.csv","D0EB490E47D264C2818EEAAC66F38135B350C68A7238FFE62664A5D73B689E5A","5048"
"C:\Users\manoj\Downloads\BioNeetPro (1)\datasets\subjects-questions.csv","32851443914ADA50478E5B719258658AF9D1611A5F91132A043E4CB62129C1DF","29900009"
"C:\Users\manoj\Downloads\BioNeetPro (1)\datasets\test.csv","ADEA40A81A19660D76ED7CF9FF3FABE52A9ACB7C996D4CD9EA77B9EF98111E2C","547913"
"C:\Users\manoj\Downloads\BioNeetPro (1)\datasets\test1.csv","CF7E200E8A0F5101CEF53E7EAB91D0331984C944AD3F71B1DCD17E20DFA542B6","1185232"
"C:\Users\manoj\Downloads\BioNeetPro (1)\datasets\train.csv","64D8587377583E0DA0648C3CCEF77AC91221E67AF33ED4CA00A04AAA76E133CD","6358390"
"C:\Users\manoj\Downloads\BioNeetPro (1)\datasets\train1.csv","681450D8C98C427202D6277BDD61B5660F5E962986B071161EDC38446ED072F2","125636283"
"C:\Users\manoj\Downloads\BioNeetPro (1)\datasets\validation.csv","BEEA5C0E02797EC6F4E3FFC9A7B141FC2732F1D877F6E3A35179E335B870AEE2","538065"
"C:\Users\manoj\Downloads\BioNeetPro (1)\datasets\validation1.csv","61DF9E7B10F1313AC5C08477554D27617DC94F73BCBC16BBFA1F26611D5E7E28","2076293"
"C:\Users\manoj\Downloads\BioNeetPro (1)\js\auth.js","82B18B815C5168A742DE1ED737EF8E3E68B0E0C25AA0A381B7B9427AED6F2B33","8232"
"C:\Users\manoj\Downloads\BioNeetPro (1)\js\config.js","B22073E776260827DD35EF2039677F1E620E41168F55F4B22A3303DA1EC1909A","16480"
"C:\Users\manoj\Downloads\BioNeetPro (1)\js\utils.js","7F446AD19520EE39ECD50A60082D50B4ADE3006542203435387DA4C9604516EE","11157"
"C:\Users\manoj\Downloads\BioNeetPro (1)\scripts\import_kaggle_dataset.py","7A208FA958C2508B5BB0ADE759B6F38D594441B39674799DD19728321C04D2AA","13831"
"C:\Users\manoj\Downloads\BioNeetPro (1)\scripts\test_all_15_acceptance.py","708124C847C841444D9AD2BAA7AD661FC33B7623C9EB5F6F031DBA269DF16ACE","9357"
"C:\Users\manoj\Downloads\BioNeetPro (1)\scripts\test_conversational_flow.py","68695528CB05C5DE1078240B8F2FB6014A46A59020F8113D4CA7E2310539A132","1627"
"C:\Users\manoj\Downloads\BioNeetPro (1)\scripts\test_mcq_acceptance.py","BAE56C93F3FC39B27854559AA9FAF4472F8CC0C4820479998917550F74406329","1441"
"C:\Users\manoj\Downloads\BioNeetPro (1)\scripts\test_retrieval_quick.py","1509A74F1D5ADDAFB7775E02B355E99B202570264AFCEC8210A1DE9ED7617DEE","696"
"C:\Users\manoj\Downloads\BioNeetPro (1)\tests\gate_results.jsonl","19316F2E058C3A21334914A8D45029292023308B6AED90AEF523578FC1326F5A","222494"
"C:\Users\manoj\Downloads\BioNeetPro (1)\tests\golden_tutor.json","F7CDD320559B6273B0FFA4BD0FF677BE329BBCC527F4146BAF0C774C1E5C61FC","12482"
"C:\Users\manoj\Downloads\BioNeetPro (1)\tests\test_adaptive_students.py","9E4C7D62FF4EE3B8ADB6F25D4D2CD048F6C050D65AA1335DD3F602409B3200F2","6390"
"C:\Users\manoj\Downloads\BioNeetPro (1)\tests\test_mcq_validation.py","732A1BA1890CDD338612CD5381D94D36D55AC9B013B1D840C9987580123EC651","4032"
"C:\Users\manoj\Downloads\BioNeetPro (1)\tests\test_retrieval_regression.py","85F1C2665CBC0F14B655A584AACF48786BE47DB7C28855E9190E2E7831CA926F","6059"
"C:\Users\manoj\Downloads\BioNeetPro (1)\tests\test_syllabus_boundary.py","0BC7E5CC4ABAC42EB0DDE58624390E8DBAB57EC11BA51946C41BB08E65DCBFFC","4550"
"C:\Users\manoj\Downloads\BioNeetPro (1)\Textbook\kebo101.pdf","E6B49C5EB878864EF1BD714799588FBF2F55AFB30D72CAC25E08BC5EAB7778FD","2263862"
"C:\Users\manoj\Downloads\BioNeetPro (1)\Textbook\kebo102.pdf","7952D430151A776694C6C58518C332D20FF76F9758CCF44D8B1A7FE29FEF36C9","3293573"
"C:\Users\manoj\Downloads\BioNeetPro (1)\Textbook\kebo103.pdf","FEFD9D98CD6DC4155AA8B7706F0DB887C8F2017DD9CEF26BCB049A085C871E9B","5180471"
"C:\Users\manoj\Downloads\BioNeetPro (1)\Textbook\kebo104.pdf","5EED592711D3C76A97310F410CE9B8B98DB904AFCC4AB9B8A38F37022C96A78A","6218080"
"C:\Users\manoj\Downloads\BioNeetPro (1)\Textbook\kebo105.pdf","2E9B46C03DDA48ADB6663A88CE49803E18FE87CABA96AA4A173AD1CC9A6EEA11","3431444"
"C:\Users\manoj\Downloads\BioNeetPro (1)\Textbook\kebo106.pdf","B341D037DDEAEBCF435CEA4CA5050BEE10FAE452D9C20480D639AB2580FA5B66","1899888"
"C:\Users\manoj\Downloads\BioNeetPro (1)\Textbook\kebo107.pdf","75FD54A68B18B84F22E659695E28E32EBDC3F1DE8BE50EA38BED778B9EBCEF26","1012169"
"C:\Users\manoj\Downloads\BioNeetPro (1)\Textbook\kebo108.pdf","6771C5AE1D6468E6585A5531D9A64CF06478D7ED05BB630ECCD2B9A229EE2C28","6985475"
"C:\Users\manoj\Downloads\BioNeetPro (1)\Textbook\kebo109.pdf","FACDBBFFA75E8355A1AF5362A4E190826352F934BB4C0A6EB2DBB9CCFFCF66F5","1851950"
"C:\Users\manoj\Downloads\BioNeetPro (1)\Textbook\kebo110.pdf","1FBD61044264B30D19F075E4A9A15699B0D0F1D5C51CF094E4E9B18566BCB72C","2488691"
"C:\Users\manoj\Downloads\BioNeetPro (1)\Textbook\kebo111.pdf","8302C09AA798D8FEF6C4F01653CAFFBC09A3741D7B7C753F89201B1160F08090","2676946"
"C:\Users\manoj\Downloads\BioNeetPro (1)\Textbook\kebo112.pdf","56AA058033D3B61BA9036D076058F752E96C2730BF7EF34A5BEB83A913A672C3","1652489"
"C:\Users\manoj\Downloads\BioNeetPro (1)\Textbook\kebo113.pdf","F7B576963C4A1F1208FDC7DF9E974781D7492A7150BCFDC33F27B71112057D26","1921695"
"C:\Users\manoj\Downloads\BioNeetPro (1)\Textbook\kebo114.pdf","67CBF04D59739585EA139446BA30A097E5D7A8A58D39D30CFF4154F55686D7E1","2051478"
"C:\Users\manoj\Downloads\BioNeetPro (1)\Textbook\kebo115.pdf","02F8CD8F5755EA09466487D6829B7C6EF1BECE4550C582D391D03A937D8A0907","3105390"
"C:\Users\manoj\Downloads\BioNeetPro (1)\Textbook\kebo116.pdf","9D026EE91D3787C85AB1241C594463A8714E3A79B7515EAD3E584A155C885CB3","1772375"
"C:\Users\manoj\Downloads\BioNeetPro (1)\Textbook\kebo117.pdf","E30781CB81FCC69053EB2AFB4C3DB7716F0C503FEFD9630FA4F78FFC5606C92F","4499800"
"C:\Users\manoj\Downloads\BioNeetPro (1)\Textbook\kebo118.pdf","93AAEAA048937D768C9FBFD26479B2976FA007C59333E300CCBF105430BE0469","4252755"
"C:\Users\manoj\Downloads\BioNeetPro (1)\Textbook\kebo119.pdf","36961D654230FB419A07A7DD8A9200416E0EF475AEC409A90CC567843FCE4EB6","2129866"
"C:\Users\manoj\Downloads\BioNeetPro (1)\Textbook\kebo1ps.pdf","87F5B38B6CC9E5BCD3AC9EC1001AE157734154929FE142D136FAE97A632F74D2","2951992"
"C:\Users\manoj\Downloads\BioNeetPro (1)\Textbook\lebo101.pdf","039BAD8CF195A93B90FA7857EDA95F39BDD4FD278B3C8BCED235F3B6CD71C25C","36802891"
"C:\Users\manoj\Downloads\BioNeetPro (1)\Textbook\lebo102.pdf","AF54D04D912114053BEFB30ADF8E56580FE9DDB49C461160DBA150A0D19A07A8","64451743"
"C:\Users\manoj\Downloads\BioNeetPro (1)\Textbook\lebo103.pdf","EF03CC524D286EB3FFC225A00422CE28F3FE18AB8E622424F0B1C748B45BF9F3","1257758"
"C:\Users\manoj\Downloads\BioNeetPro (1)\Textbook\lebo104.pdf","D5F14FC2248860C029AB10AEC2687165ED84D54917C10CD44057574F1C4BB456","19209703"
"C:\Users\manoj\Downloads\BioNeetPro (1)\Textbook\lebo105.pdf","21D77CDAF37C11B26956BBDAE0B9EFF9700D723135AC55C1A2141B1CAEE8F017","4133881"
"C:\Users\manoj\Downloads\BioNeetPro (1)\Textbook\lebo106.pdf","D2A181994B3D2A060226F4BF1B45AD581C6DA69A8DD2A01E448704D6CE868071","12722180"
"C:\Users\manoj\Downloads\BioNeetPro (1)\Textbook\lebo107.pdf","AFB1C7C2F7699E0572E09E9EE3279F4E61100BA0B117B3F34B9D1AC10BDEAE75","4502597"
"C:\Users\manoj\Downloads\BioNeetPro (1)\Textbook\lebo108.pdf","E96D234EAB38ED70616C77101AEDEAF4EFA7D92EA8AECECEB046D383061F63B7","12940104"
"C:\Users\manoj\Downloads\BioNeetPro (1)\Textbook\lebo109.pdf","C30B908DCA8E7166E9830CA48C376A4F0B21D63A8E05BF601A150DA031C13122","3136998"
"C:\Users\manoj\Downloads\BioNeetPro (1)\Textbook\lebo110.pdf","4DA2923C699B97A1930AE6B1072BF75FB5B0429D724EAD7BA06510F98730B826","1493323"
"C:\Users\manoj\Downloads\BioNeetPro (1)\Textbook\lebo111.pdf","5B483A3EE69F88AE67B43DAA8095E5E5BA6278BB1F288FB1CDCD3B02F461276F","1555427"
"C:\Users\manoj\Downloads\BioNeetPro (1)\Textbook\lebo112.pdf","6D73B01F7AD5492D08A67B695AE8C05230631F20B1B40C791AB7435B39D0E59E","2415025"
"C:\Users\manoj\Downloads\BioNeetPro (1)\Textbook\lebo113.pdf","D4587F07DD122D19493A66FB2AAE6F11AE02EF9124DEA92634B524F078F20FAA","2344750"
"C:\Users\manoj\Downloads\BioNeetPro (1)\Textbook\lebo1ps.pdf","22804A9F4DF81466593BF0FEC0FF9F521B12A55887E32FB46340E528728AC771","573875"
"C:\Users\manoj\Downloads\BioNeetPro (1)\.env.example","ABB80CEA731F405E612CC2332F1AD2D761AD9E58031F61B9BD73BFA875298E58","819"
"C:\Users\manoj\Downloads\BioNeetPro (1)\.env.local","AEB1A0D3FDC7A6CA1A635776308F9F27FFEF0689E2934376D0826D65F5B7857A","395"
"C:\Users\manoj\Downloads\BioNeetPro (1)\.gitignore","FDF301E323E3ACB93754A8BB924BC67E0400D5390C04347919F06A7C1816F95C","256"
"C:\Users\manoj\Downloads\BioNeetPro (1)\adaptive_tutor.py","924B702DCFE976A2D17A2E9367857CDCBEC933CEC144D289E543F40572C1AA27","27263"
"C:\Users\manoj\Downloads\BioNeetPro (1)\add_data_1.py","9607B3D53EA9136C0A04A67C248D855B1F75DAFBB6206A0D3DDB59E8EC4DEAFC","17924"
"C:\Users\manoj\Downloads\BioNeetPro (1)\add_data_2.py","560D7D229480002CF99F06AC2A420B4BCA81E21DC410B4A808885D7D704E81FC","20698"
"C:\Users\manoj\Downloads\BioNeetPro (1)\add_data_3.py","9CA54B71D96EDDAACD5AB3BAAE6896428A8E283B576ED021FE10224351BC1CCB","13450"
"C:\Users\manoj\Downloads\BioNeetPro (1)\add_data_4.py","3475C55553BFDBCC03A4C0E88437D8B1225DEAD6979BDF207474FD85A83423CA","10922"
"C:\Users\manoj\Downloads\BioNeetPro (1)\app.py","02167827AD29D3324EC62384D39D73D88853CD074531B9C3884E6B09ED7EDD55","23807"
"C:\Users\manoj\Downloads\BioNeetPro (1)\BioNeet-Pro.html","92A5C2E65CCDED2526BC20D3A66089EE894AA86A4087BCBC4DE8AC51A9A3B478","262528"
"C:\Users\manoj\Downloads\BioNeetPro (1)\concept_graph.py","FF0783BD1F2F55B55A1A1A1619CCCEF7A55AF806B873981268F125E78992E777","9014"
"C:\Users\manoj\Downloads\BioNeetPro (1)\concept_normalizer.py","D947F5A88CA0C87679C9907F4730693C4F6BCB20E14AB630DC8FBF8D841594E1","36175"
"C:\Users\manoj\Downloads\BioNeetPro (1)\dialogue_state.py","458FC5D44757BE793C6638F21F47594ABDEC9255307362E62EA194A4D490AA92","2656"
"C:\Users\manoj\Downloads\BioNeetPro (1)\Dockerfile","9A6FEFC44ED767C0AD504512A34FB9E385960FDA368D91EAD0FE20E688F28F9D","497"
"C:\Users\manoj\Downloads\BioNeetPro (1)\evaluate_tutor_beast.py","012BE358BE70C7C1BDB46F2D1DC6E16B922DDB593902FAFBF40521E998B05AC1","4155"
"C:\Users\manoj\Downloads\BioNeetPro (1)\evaluate_tutor_system.py","04F76D4DDB438C1E5F80307DF749196B9A4176A5B61C33A9848980F87073B9DD","30006"
"C:\Users\manoj\Downloads\BioNeetPro (1)\evaluation_report.md","4A5DB8DCABEA6826FFC95F5364E72494631185921A17E5C8F55485B6D1945B35","6760"
"C:\Users\manoj\Downloads\BioNeetPro (1)\fallback_controller.py","34146D975D19096A77FCCEB1772F7A8541DF64F7C7D914AAB4DC2F337EBE0BBF","5223"
"C:\Users\manoj\Downloads\BioNeetPro (1)\figure_extractor.py","683410D7572746028D0BCB61C61D0ACC357688850BE304E8A83459DCFBF884F6","4987"
"C:\Users\manoj\Downloads\BioNeetPro (1)\firestore.indexes.json","382F139CED3126DB921F765836E666E0E6F4071CADBB8F0CC910D1183D9AC9F3","1188"
"C:\Users\manoj\Downloads\BioNeetPro (1)\firestore.rules","5A7ACA90BE5DA7FD7ECA1D1A7BF0015A33A84C3BC56072E8BC659EFEB51E98A3","1441"
"C:\Users\manoj\Downloads\BioNeetPro (1)\first_review_prep_guide.md","ECAF9F4EA3FC154EB8DB6390EB57B2F9F7CE2A60085D1466B2EB6E2560ACE545","9908"
"C:\Users\manoj\Downloads\BioNeetPro (1)\fix_data.py","CAC253DEEEB3D768FBAFF562CE858439D5F2658E595A9ACE4F9C60B4FC7A90CD","4554"
"C:\Users\manoj\Downloads\BioNeetPro (1)\knowledge_ingestion.py","881373DF25193863F11926D4C059C3230E4EC7AF7E65B6C4D223EAB6A7DD913F","8123"
"C:\Users\manoj\Downloads\BioNeetPro (1)\learner_model.py","5FAE4EFE0B099F32A6386A780125A6DB246ABF621C68383C95D4BAD3ED3CD243","12392"
"C:\Users\manoj\Downloads\BioNeetPro (1)\mcq_engine.py","0A8306BDE23268A2804695082849AEC91F2848B853225D64460F0D25FAB221E3","18375"
"C:\Users\manoj\Downloads\BioNeetPro (1)\ncert_ingestion.py","565A4DBCB3D1582A6478F3B602A4623D8A3AADACEB56359F9925679A53708995","19078"
"C:\Users\manoj\Downloads\BioNeetPro (1)\nlp_pipeline.py","FC3392C3EC574B45019BB62A465AF29B0A353364DFC8D6C958176992A3B1C7EB","22061"
"C:\Users\manoj\Downloads\BioNeetPro (1)\README.md","5B4A5A42DF3364EF9E602378EE6E7E8C5EC0D157C61631BAF84BD993DD54B767","1681"
"C:\Users\manoj\Downloads\BioNeetPro (1)\requirements.txt","958C4E156A11E49C2ED07D37287D3DD187364A85EE225AD0AFBF750EE52DA2E2","118"
"C:\Users\manoj\Downloads\BioNeetPro (1)\retrieval_engine.py","DF26B131E295430C1EAB7D687EA4C2C706778730463B88C846B2360C21030B41","26600"
"C:\Users\manoj\Downloads\BioNeetPro (1)\review_day_cheat_sheet.md","A71322EBEE6958B8121313D14BE814800C8199064F4DD676FABF8D567AB8A79F","6346"
"C:\Users\manoj\Downloads\BioNeetPro (1)\syllabus.py","3AE92D39385A77AAA3D519C33B2D26FFF3419E651580C4696E7298156020EB2E","35506"
"C:\Users\manoj\Downloads\BioNeetPro (1)\test_app_endpoints.py","913DAED5965A670094F07A10DBE417CEECA52ACF801CD8865A8A0B52D5369797","4088"
"C:\Users\manoj\Downloads\BioNeetPro (1)\test_master_suite.py","6A558A4AFB24E6FD25DDF855C09ADB3C86167847EC046C00262FECCCD1E5AA5B","7658"
"C:\Users\manoj\Downloads\BioNeetPro (1)\test_tutor_engine.py","CEB979E1DB8218E2F00ED307FB10774DE8F0E3B290576FFF42316FF427F543E0","3650"
"C:\Users\manoj\Downloads\BioNeetPro (1)\tutor_engine.py","F929897F16AF4F783A63EF9A9422924406EA8E5C8590ABEA7867C814FD7DBF87","19953"
"C:\Users\manoj\Downloads\BioNeetPro (1)\update.py","FBFB6293892D984298550C777A33B1B680FB1392EDAED4D036B5F8A14076F400","8317"
"C:\Users\manoj\Downloads\BioNeetPro (1)\update_kb.py","3F5F1E5FA2DA2A7533253E65B0CB628411C981D8EAA89D2594C52987B0C36451","2520"
